{
  "type" : "sfdc_cms__view",
  "title" : "Service Not Available",
  "contentBody" : {
    "component" : {
      "children" : [ {
        "children" : [ {
          "attributes" : {
            "backgroundImageConfig" : "",
            "backgroundImageOverlay" : "rgba(0,0,0,0)",
            "componentSpacerSize" : "",
            "layoutDirectionDesktop" : "row",
            "layoutDirectionMobile" : "column",
            "layoutDirectionTablet" : "column",
            "maxContentWidth" : "",
            "sectionColumnGutterWidth" : "",
            "sectionConfig" : "{\"UUID\":\"d1c50fe2-b1b0-45e7-8451-6bcc76a83d3b\",\"columns\":[{\"UUID\":\"8befd3da-8cd1-4b6d-9b91-4100b1134dc1\",\"columnName\":\"Column 1\",\"columnKey\":\"col1\",\"columnWidth\":\"12\",\"seedComponents\":null}]}",
            "sectionMinHeight" : "",
            "sectionVerticalAlign" : "flex-start"
          },
          "children" : [ {
            "children" : [ {
              "attributes" : {
                "richTextValue" : "<div style=\"display: flex; align-items: center; flex-direction: column; margin: 60px 25px 40px 25px;\">\n\t<div style=\"background: url(assets/img/serviceNotAvailable.svg) center no-repeat; background-size: contain; height: 331px; width: 100%; max-width: 538px;\"></div>\n</div>\n<div style=\"margin: 0 25px; text-align: center;\">\n\t<p><b style=\"font-size: 3.4em\">We hit a snag</b></p>\n\t<br/>\n\t<p><span style=\"font-size: 2em;\">Looks like the site is down. Try again in a bit.</span></p>\n</div>"
              },
              "definition" : "community_builder:htmlEditor",
              "id" : "3a6418fe-4a15-4a50-8d7f-56fd40699d87",
              "type" : "component"
            } ],
            "id" : "8befd3da-8cd1-4b6d-9b91-4100b1134dc1",
            "name" : "col1",
            "title" : "Column 1",
            "type" : "region"
          } ],
          "definition" : "community_layout:section",
          "id" : "d1c50fe2-b1b0-45e7-8451-6bcc76a83d3b",
          "type" : "component"
        } ],
        "id" : "f5c1586f-6fb0-4359-88ed-442f2007faac",
        "name" : "content",
        "title" : "Content",
        "type" : "region"
      } ],
      "definition" : "community_layout:sldsFlexibleLayout",
      "id" : "9260438b-19ac-437d-aa59-3a68ddf778f9",
      "type" : "component"
    },
    "dataProviders" : [ ],
    "themeLayoutType" : "ServiceNotAvailable",
    "viewType" : "service-not-available"
  }
}