{
  "type" : "sfdc_cms__view",
  "title" : "Error",
  "contentBody" : {
    "component" : {
      "children" : [ {
        "children" : [ {
          "attributes" : {
            "backgroundImageConfig" : "",
            "backgroundImageOverlay" : "rgba(0,0,0,0)",
            "componentSpacerSize" : "",
            "layoutDirectionDesktop" : "row",
            "layoutDirectionMobile" : "column",
            "layoutDirectionTablet" : "column",
            "maxContentWidth" : "",
            "sectionColumnGutterWidth" : "",
            "sectionConfig" : "{\"UUID\":\"419410ca-ebb8-490e-b05e-e081c457afc6\",\"columns\":[{\"UUID\":\"143ba311-a979-4968-b1c7-a5d3e3cb5a98\",\"columnName\":\"Column 1\",\"columnKey\":\"col1\",\"columnWidth\":\"12\",\"seedComponents\":null}]}",
            "sectionMinHeight" : "",
            "sectionVerticalAlign" : "flex-start"
          },
          "children" : [ {
            "children" : [ {
              "attributes" : {
                "richTextValue" : "<p style=\"text-align: center;\">Invalid Page</p>"
              },
              "definition" : "community_builder:richTextEditor",
              "id" : "da9a5d98-f1bc-4fc7-bb13-d477ef6fae42",
              "type" : "component"
            } ],
            "id" : "143ba311-a979-4968-b1c7-a5d3e3cb5a98",
            "name" : "col1",
            "title" : "Column 1",
            "type" : "region"
          } ],
          "definition" : "community_layout:section",
          "id" : "419410ca-ebb8-490e-b05e-e081c457afc6",
          "type" : "component"
        } ],
        "id" : "cacbb280-8127-4cd5-8db1-8b331a575824",
        "name" : "content",
        "title" : "Content",
        "type" : "region"
      }, {
        "children" : [ {
          "attributes" : {
            "customHeadTags" : "",
            "description" : "",
            "pageTitle" : "Error",
            "recordId" : "{!recordId}"
          },
          "definition" : "community_builder:seoAssistant",
          "id" : "0e4e714c-7983-42a6-b03a-014053869839",
          "type" : "component"
        } ],
        "id" : "6e970bc9-4918-4ff4-9732-5b7351e41bcf",
        "name" : "sfdcHiddenRegion",
        "title" : "sfdcHiddenRegion",
        "type" : "region"
      } ],
      "definition" : "community_layout:sldsFlexibleLayout",
      "id" : "bf9b8119-d3de-4be4-b8cc-72f3def6dabf",
      "type" : "component"
    },
    "dataProviders" : [ ],
    "themeLayoutType" : "Inner",
    "viewType" : "error"
  }
}