{
  "type" : "sfdc_cms__view",
  "title" : "Too Many Requests",
  "contentBody" : {
    "component" : {
      "children" : [ {
        "children" : [ {
          "attributes" : {
            "backgroundImageConfig" : "",
            "backgroundImageOverlay" : "rgba(0,0,0,0)",
            "componentSpacerSize" : "",
            "layoutDirectionDesktop" : "row",
            "layoutDirectionMobile" : "column",
            "layoutDirectionTablet" : "column",
            "maxContentWidth" : "",
            "sectionColumnGutterWidth" : "",
            "sectionConfig" : "{\"UUID\":\"48834aa6-cb65-44de-aec1-784666b91c8b\",\"columns\":[{\"UUID\":\"9f9f4514-3e7f-4ebe-9dda-c0409bcd004d\",\"columnName\":\"Column 1\",\"columnKey\":\"col1\",\"columnWidth\":\"12\",\"seedComponents\":null}]}",
            "sectionMinHeight" : "",
            "sectionVerticalAlign" : "flex-start"
          },
          "children" : [ {
            "children" : [ {
              "attributes" : {
                "richTextValue" : "<div style=\"display: flex; align-items: center; flex-direction: column; margin: 60px 25px 30px 25px;\">\n\t<div style=\"background-image: url(assets/img/tooManyRequests.svg); background-size: contain; height: 350px; width: 100%; background-repeat: no-repeat; background-position: center;\"></div>\n</div>\n<div style=\"margin: 0 25px; text-align: center;\">\n\t<h1 class=\"slds-text-heading_large\">Looks like the site is experiencing higher than usual demand&#8230;</h1>\n\t<p class=\"slds-text-heading_small\">Don't go anywhere. We'll redirect you in a moment.</p>\n</div>"
              },
              "definition" : "community_builder:htmlEditor",
              "id" : "56d9bef0-a507-4b42-a568-0510352057ff",
              "type" : "component"
            }, {
              "attributes" : { },
              "definition" : "experience_availability:autoRefresh",
              "id" : "18b966b4-1def-4f73-94a2-fa7c4d68c754",
              "type" : "component"
            } ],
            "id" : "9f9f4514-3e7f-4ebe-9dda-c0409bcd004d",
            "name" : "col1",
            "title" : "Column 1",
            "type" : "region"
          } ],
          "definition" : "community_layout:section",
          "id" : "48834aa6-cb65-44de-aec1-784666b91c8b",
          "type" : "component"
        } ],
        "id" : "2176b8ad-f635-443d-9843-190dd6095c53",
        "name" : "content",
        "title" : "Content",
        "type" : "region"
      } ],
      "definition" : "community_layout:sldsFlexibleLayout",
      "id" : "d5e89d13-0ebb-4dee-8f0f-35d94457f1f7",
      "type" : "component"
    },
    "dataProviders" : [ ],
    "themeLayoutType" : "ServiceNotAvailable",
    "viewType" : "too-many-requests"
  }
}