{
  "type" : "sfdc_cms__view",
  "title" : "Check Password",
  "contentBody" : {
    "component" : {
      "children" : [ {
        "children" : [ {
          "attributes" : {
            "backgroundImageConfig" : "",
            "backgroundImageOverlay" : "rgba(0,0,0,0)",
            "componentSpacerSize" : "",
            "layoutDirectionDesktop" : "row",
            "layoutDirectionMobile" : "column",
            "layoutDirectionTablet" : "column",
            "maxContentWidth" : "",
            "sectionColumnGutterWidth" : "",
            "sectionConfig" : "{\"UUID\":\"a94b0266-31db-4a32-ad09-44e0e0b292cf\",\"columns\":[{\"UUID\":\"bb3a2d79-a6b3-431e-8384-21fe7fe2b3f1\",\"columnName\":\"Column 1\",\"columnKey\":\"col1\",\"columnWidth\":\"12\",\"seedComponents\":null}]}",
            "sectionMinHeight" : "",
            "sectionVerticalAlign" : "flex-start"
          },
          "children" : [ {
            "children" : [ {
              "attributes" : {
                "alignment" : "left",
                "imageInfo" : "",
                "imageInfoMobile" : "",
                "logoWidth" : 250
              },
              "definition" : "dxp_content_layout:siteLogo",
              "id" : "f3a6b1d6-caea-42c8-89b2-186ae76d84fd",
              "type" : "component"
            }, {
              "attributes" : {
                "checkEmailMessage" : "Check the email account associated with your username for the link to reset your password. If you didn't get an email, check your Spam folder. Or contact your administrator.",
                "returnButtonLabel" : "Back to login",
                "titleLabel" : "Now check your email"
              },
              "definition" : "community_login:checkEmail",
              "id" : "62071a3c-3bf9-4c61-958f-16926b3e4ed1",
              "type" : "component"
            } ],
            "id" : "bb3a2d79-a6b3-431e-8384-21fe7fe2b3f1",
            "name" : "col1",
            "title" : "Column 1",
            "type" : "region"
          } ],
          "definition" : "community_layout:section",
          "id" : "a94b0266-31db-4a32-ad09-44e0e0b292cf",
          "type" : "component"
        } ],
        "id" : "858d73fd-690f-4bac-8cb5-d013032b9efa",
        "name" : "content",
        "title" : "Content",
        "type" : "region"
      }, {
        "children" : [ {
          "attributes" : {
            "customHeadTags" : "",
            "description" : "",
            "pageTitle" : "Check Password",
            "recordId" : "{!recordId}"
          },
          "definition" : "community_builder:seoAssistant",
          "id" : "d83f9a26-fe3b-4543-a21a-8a0e2f1fcc4d",
          "type" : "component"
        } ],
        "id" : "7563e4c2-e72e-4867-b5b3-17884024f070",
        "name" : "sfdcHiddenRegion",
        "title" : "sfdcHiddenRegion",
        "type" : "region"
      } ],
      "definition" : "community_layout:sldsFlexibleLayout",
      "id" : "14ab9918-f211-45c2-8c8a-3c3548274421",
      "type" : "component"
    },
    "dataProviders" : [ ],
    "themeLayoutType" : "Inner",
    "viewType" : "check-password"
  }
}