{
  "type" : "sfdc_cms__appPage",
  "title" : "main",
  "contentBody" : {
    "currentThemeId" : "Marketing_Microsite",
    "headMarkup" : "<title>Welcome to LWC Communities!</title>\n\n<!-- branding stylesheets -->\n<link rel=\"stylesheet\" href=\"{ basePath }/assets/styles/salesforce-lightning-design-system.min.css?{ versionKey }\"/><link rel=\"stylesheet\" href=\"{ basePath }/assets/styles/dxp-site-spacing-styling-hooks.min.css?{ versionKey }\" />\n<link rel=\"stylesheet\" href=\"{ basePath }/assets/styles/dxp-styling-hooks.min.css?{ versionKey }\" />\n<link rel=\"stylesheet\" href=\"{ basePath }/assets/styles/dxp-slds-extensions.min.css?{ versionKey }\" />\n\n\n<link rel=\"preload\" href=\"{ basePath }/assets/fonts/webfonts/SalesforceSans-Light.woff2\" as=\"font\" type=\"font/woff2\" crossorigin=\"anonymous\" fetchPriority=\"low\"/>\n<link rel=\"preload\" href=\"{ basePath }/assets/fonts/webfonts/SalesforceSans-Regular.woff2\" as=\"font\" type=\"font/woff2\" crossorigin=\"anonymous\" fetchPriority=\"low\"/>\n<link rel=\"preload\" href=\"{ basePath }/assets/fonts/webfonts/SalesforceSans-Bold.woff2\" as=\"font\" type=\"font/woff2\" crossorigin=\"anonymous\" fetchPriority=\"low\"/>\n<!-- branding stylesheets -->\n\n<link rel=\"stylesheet\" href=\"{ basePath }/assets/styles/styles.css?{ versionKey }\" />\n",
    "isLockerServiceEnabled" : true,
    "isRelaxedCSPLevel" : false,
    "templateName" : "microsite-template-marketing"
  }
}