{
  "type" : "sfdc_cms__view",
  "title" : "News Detail",
  "contentBody" : {
    "component" : {
      "children" : [ {
        "children" : [ {
          "attributes" : {
            "backgroundImageConfig" : "",
            "backgroundImageOverlay" : "rgba(0,0,0,0)",
            "componentSpacerSize" : "",
            "layoutDirectionDesktop" : "row",
            "layoutDirectionMobile" : "column",
            "layoutDirectionTablet" : "column",
            "maxContentWidth" : "",
            "sectionColumnGutterWidth" : "",
            "sectionConfig" : "{\"UUID\":\"701eec6c-1afc-4772-91a6-f21b161ee0c0\",\"columns\":[{\"UUID\":\"26dbd0fc-ad19-4578-821f-44a65805ee17\",\"columnName\":\"Column 1\",\"columnKey\":\"col1\",\"columnWidth\":\"12\",\"seedComponents\":[]}]}",
            "sectionMinHeight" : "",
            "sectionVerticalAlign" : "flex-start"
          },
          "children" : [ {
            "id" : "26dbd0fc-ad19-4578-821f-44a65805ee17",
            "name" : "col1",
            "title" : "Column 1",
            "type" : "region"
          } ],
          "definition" : "community_layout:section",
          "id" : "701eec6c-1afc-4772-91a6-f21b161ee0c0",
          "type" : "component"
        } ],
        "id" : "d47b44d9-450c-45e2-b239-97c3d6e7b7d5",
        "name" : "content",
        "title" : "Content",
        "type" : "region"
      }, {
        "children" : [ {
          "attributes" : {
            "customHeadTags" : "",
            "description" : "",
            "pageTitle" : "{!Content.contentTypeLabel}.{!Content.title}",
            "recordId" : "{!recordId}"
          },
          "definition" : "community_builder:seoAssistant",
          "id" : "e72d66c8-a236-4f84-8297-b8ea8f169232",
          "type" : "component"
        } ],
        "id" : "46bb0dcb-a44a-4f48-af14-48373fad6eeb",
        "name" : "sfdcHiddenRegion",
        "title" : "sfdcHiddenRegion",
        "type" : "region"
      } ],
      "definition" : "community_layout:sldsFlexibleLayout",
      "id" : "5b673b5e-25ef-4250-a98e-5783a949e98c",
      "type" : "component"
    },
    "dataProviders" : [ ],
    "themeLayoutType" : "Inner",
    "viewType" : "managed-content-sfdc_cms__news"
  }
}