{
  "type" : "sfdc_cms__view",
  "title" : "Forgot Password",
  "contentBody" : {
    "component" : {
      "children" : [ {
        "children" : [ {
          "attributes" : {
            "backgroundImageConfig" : "",
            "backgroundImageOverlay" : "rgba(0,0,0,0)",
            "componentSpacerSize" : "",
            "layoutDirectionDesktop" : "row",
            "layoutDirectionMobile" : "column",
            "layoutDirectionTablet" : "column",
            "maxContentWidth" : "",
            "sectionColumnGutterWidth" : "",
            "sectionConfig" : "{\"UUID\":\"0880a0b3-5e22-4d68-b9c9-f61e4f4e71ef\",\"columns\":[{\"UUID\":\"05f598fc-3ee0-48be-abd0-4ecdc5dcb69d\",\"columnName\":\"Column 1\",\"columnKey\":\"col1\",\"columnWidth\":\"12\",\"seedComponents\":null}]}",
            "sectionMinHeight" : "",
            "sectionVerticalAlign" : "flex-start"
          },
          "children" : [ {
            "children" : [ {
              "attributes" : {
                "alignment" : "left",
                "imageInfo" : "",
                "imageInfoMobile" : "",
                "logoWidth" : 250
              },
              "definition" : "dxp_content_layout:siteLogo",
              "id" : "91299679-ad24-4daf-875c-5dfb85debafe",
              "type" : "component"
            }, {
              "attributes" : {
                "cancelButtonLabel" : "Cancel",
                "checkEmailUrl" : "./CheckPasswordResetEmail",
                "instructionsLabel" : "To reset your password, enter your username. We'll send a reset-password link to the email address associated with your account.",
                "submitButtonLabel" : "Reset",
                "titleLabel" : "Forgot your password?",
                "usernameLabel" : "Username"
              },
              "definition" : "community_login:forgotPassword",
              "id" : "7b8c4680-6316-46c6-9731-b7aaeeafe0cb",
              "type" : "component"
            } ],
            "id" : "05f598fc-3ee0-48be-abd0-4ecdc5dcb69d",
            "name" : "col1",
            "title" : "Column 1",
            "type" : "region"
          } ],
          "definition" : "community_layout:section",
          "id" : "0880a0b3-5e22-4d68-b9c9-f61e4f4e71ef",
          "type" : "component"
        } ],
        "id" : "aa05492d-a63f-4718-b8ed-44bd9232396a",
        "name" : "content",
        "title" : "Content",
        "type" : "region"
      }, {
        "children" : [ {
          "attributes" : {
            "customHeadTags" : "",
            "description" : "",
            "pageTitle" : "Forgot Password",
            "recordId" : "{!recordId}"
          },
          "definition" : "community_builder:seoAssistant",
          "id" : "0a15b0f5-d04a-44f8-bde0-ee69746d16d6",
          "type" : "component"
        } ],
        "id" : "b4f1e68f-eec9-40ec-bc89-fe7bab2c22a0",
        "name" : "sfdcHiddenRegion",
        "title" : "sfdcHiddenRegion",
        "type" : "region"
      } ],
      "definition" : "community_layout:sldsFlexibleLayout",
      "id" : "d2b7c89d-2e38-4a43-8596-363fbfb67782",
      "type" : "component"
    },
    "dataProviders" : [ ],
    "themeLayoutType" : "Inner",
    "viewType" : "forgot-password"
  }
}