{
  "status": 0,
  "result": [
    {
      "createdById": "005WU000002hZvpYAE",
      "createdByName": "Lucky Mahlangu",
      "createdDate": "2024-04-17T08:55:31.000Z",
      "fileName": "classes/trlhdtips__tt_UtilController.cls",
      "fullName": "trlhdtips__tt_UtilController",
      "id": "01pWU000002VQMrYAO",
      "lastModifiedById": "005WU000002hZvpYAE",
      "lastModifiedByName": "Lucky Mahlangu",
      "lastModifiedDate": "2024-04-17T08:55:31.000Z",
      "manageableState": "installed",
      "namespacePrefix": "trlhdtips",
      "type": "ApexClass"
    },
    {
      "createdById": "005WU000002hZvpYAE",
      "createdByName": "Lucky Mahlangu",
      "createdDate": "2024-08-18T17:34:13.000Z",
      "fileName": "classes/ChangePasswordController.cls",
      "fullName": "ChangePasswordController",
      "id": "01pWU000004O2JNYA0",
      "lastModifiedById": "005WU000002hZvpYAE",
      "lastModifiedByName": "Lucky Mahlangu",
      "lastModifiedDate": "2024-08-18T17:34:13.000Z",
      "manageableState": "unmanaged",
      "type": "ApexClass"
    },
    {
      "createdById": "005WU000002hZvpYAE",
      "createdByName": "Lucky Mahlangu",
      "createdDate": "2024-08-18T17:34:13.000Z",
      "fileName": "classes/ForgotPasswordControllerTest.cls",
      "fullName": "ForgotPasswordControllerTest",
      "id": "01pWU000004O2JQYA0",
      "lastModifiedById": "005WU000002hZvpYAE",
      "lastModifiedByName": "Lucky Mahlangu",
      "lastModifiedDate": "2024-08-18T17:34:13.000Z",
      "manageableState": "unmanaged",
      "type": "ApexClass"
    },
    {
      "createdById": "005WU000002hZvpYAE",
      "createdByName": "Lucky Mahlangu",
      "createdDate": "2024-08-18T17:39:03.000Z",
      "fileName": "classes/LightningSelfRegisterControllerTest.cls",
      "fullName": "LightningSelfRegisterControllerTest",
      "id": "01pWU000004O2UqYAK",
      "lastModifiedById": "005WU000002hZvpYAE",
      "lastModifiedByName": "Lucky Mahlangu",
      "lastModifiedDate": "2024-08-18T17:39:03.000Z",
      "manageableState": "unmanaged",
      "type": "ApexClass"
    },
    {
      "createdById": "005WU000002hZvpYAE",
      "createdByName": "Lucky Mahlangu",
      "createdDate": "2024-08-18T17:39:01.000Z",
      "fileName": "classes/CommunitiesSelfRegController.cls",
      "fullName": "CommunitiesSelfRegController",
      "id": "01pWU000004O2UfYAK",
      "lastModifiedById": "005WU000002hZvpYAE",
      "lastModifiedByName": "Lucky Mahlangu",
      "lastModifiedDate": "2024-08-18T17:39:01.000Z",
      "manageableState": "unmanaged",
      "type": "ApexClass"
    },
    {
      "createdById": "005WU000002hZvpYAE",
      "createdByName": "Lucky Mahlangu",
      "createdDate": "2024-08-21T11:28:00.000Z",
      "fileName": "classes/CalendarificWrapper.cls",
      "fullName": "CalendarificWrapper",
      "id": "01pWU000004QsthYAC",
      "lastModifiedById": "005WU000002hZvpYAE",
      "lastModifiedByName": "Lucky Mahlangu",
      "lastModifiedDate": "2024-08-22T18:18:18.000Z",
      "manageableState": "unmanaged",
      "type": "ApexClass"
    },
    {
      "createdById": "005WU000002hZvpYAE",
      "createdByName": "Lucky Mahlangu",
      "createdDate": "2024-04-17T08:55:31.000Z",
      "fileName": "classes/trlhdtips__tt_UtilControllerTest.cls",
      "fullName": "trlhdtips__tt_UtilControllerTest",
      "id": "01pWU000002VQMsYAO",
      "lastModifiedById": "005WU000002hZvpYAE",
      "lastModifiedByName": "Lucky Mahlangu",
      "lastModifiedDate": "2024-04-17T08:55:31.000Z",
      "manageableState": "installed",
      "namespacePrefix": "trlhdtips",
      "type": "ApexClass"
    },
    {
      "createdById": "005WU000002hZvpYAE",
      "createdByName": "Lucky Mahlangu",
      "createdDate": "2024-08-18T17:39:01.000Z",
      "fileName": "classes/CommunitiesLandingControllerTest.cls",
      "fullName": "CommunitiesLandingControllerTest",
      "id": "01pWU000004O2UeYAK",
      "lastModifiedById": "005WU000002hZvpYAE",
      "lastModifiedByName": "Lucky Mahlangu",
      "lastModifiedDate": "2024-08-18T17:39:01.000Z",
      "manageableState": "unmanaged",
      "type": "ApexClass"
    },
    {
      "createdById": "005WU000002hZvpYAE",
      "createdByName": "Lucky Mahlangu",
      "createdDate": "2024-08-18T17:34:13.000Z",
      "fileName": "classes/SiteLoginControllerTest.cls",
      "fullName": "SiteLoginControllerTest",
      "id": "01pWU000004O2JKYA0",
      "lastModifiedById": "005WU000002hZvpYAE",
      "lastModifiedByName": "Lucky Mahlangu",
      "lastModifiedDate": "2024-08-18T17:34:13.000Z",
      "manageableState": "unmanaged",
      "type": "ApexClass"
    },
    {
      "createdById": "005WU000002hZvpYAE",
      "createdByName": "Lucky Mahlangu",
      "createdDate": "2024-08-18T17:39:01.000Z",
      "fileName": "classes/CommunitiesLoginControllerTest.cls",
      "fullName": "CommunitiesLoginControllerTest",
      "id": "01pWU000004O2UcYAK",
      "lastModifiedById": "005WU000002hZvpYAE",
      "lastModifiedByName": "Lucky Mahlangu",
      "lastModifiedDate": "2024-08-18T17:39:01.000Z",
      "manageableState": "unmanaged",
      "type": "ApexClass"
    },
    {
      "createdById": "005WU000002hZvpYAE",
      "createdByName": "Lucky Mahlangu",
      "createdDate": "2024-08-18T17:34:13.000Z",
      "fileName": "classes/SiteRegisterController.cls",
      "fullName": "SiteRegisterController",
      "id": "01pWU000004O2JLYA0",
      "lastModifiedById": "005WU000002hZvpYAE",
      "lastModifiedByName": "Lucky Mahlangu",
      "lastModifiedDate": "2024-08-18T17:34:13.000Z",
      "manageableState": "unmanaged",
      "type": "ApexClass"
    },
    {
      "createdById": "005WU000002hZvpYAE",
      "createdByName": "Lucky Mahlangu",
      "createdDate": "2024-08-18T17:39:02.000Z",
      "fileName": "classes/CommunitiesSelfRegConfirmControllerTest.cls",
      "fullName": "CommunitiesSelfRegConfirmControllerTest",
      "id": "01pWU000004O2UiYAK",
      "lastModifiedById": "005WU000002hZvpYAE",
      "lastModifiedByName": "Lucky Mahlangu",
      "lastModifiedDate": "2024-08-18T17:39:02.000Z",
      "manageableState": "unmanaged",
      "type": "ApexClass"
    },
    {
      "createdById": "005WU000002hZvpYAE",
      "createdByName": "Lucky Mahlangu",
      "createdDate": "2024-08-18T17:39:03.000Z",
      "fileName": "classes/LightningSelfRegisterController.cls",
      "fullName": "LightningSelfRegisterController",
      "id": "01pWU000004O2UlYAK",
      "lastModifiedById": "005WU000002hZvpYAE",
      "lastModifiedByName": "Lucky Mahlangu",
      "lastModifiedDate": "2024-08-18T17:39:03.000Z",
      "manageableState": "unmanaged",
      "type": "ApexClass"
    },
    {
      "createdById": "005WU000002hZvpYAE",
      "createdByName": "Lucky Mahlangu",
      "createdDate": "2024-08-18T17:39:03.000Z",
      "fileName": "classes/LightningForgotPasswordController.cls",
      "fullName": "LightningForgotPasswordController",
      "id": "01pWU000004O2UmYAK",
      "lastModifiedById": "005WU000002hZvpYAE",
      "lastModifiedByName": "Lucky Mahlangu",
      "lastModifiedDate": "2024-08-18T17:39:03.000Z",
      "manageableState": "unmanaged",
      "type": "ApexClass"
    },
    {
      "createdById": "005WU000002hZvpYAE",
      "createdByName": "Lucky Mahlangu",
      "createdDate": "2024-08-20T19:25:51.000Z",
      "fileName": "classes/HolidayServiceControllerv2.cls",
      "fullName": "HolidayServiceControllerv2",
      "id": "01pWU000004QM4DYAW",
      "lastModifiedById": "005WU000002hZvpYAE",
      "lastModifiedByName": "Lucky Mahlangu",
      "lastModifiedDate": "2024-08-20T19:48:59.000Z",
      "manageableState": "unmanaged",
      "type": "ApexClass"
    },
    {
      "createdById": "005WU000002hZvpYAE",
      "createdByName": "Lucky Mahlangu",
      "createdDate": "2024-08-18T17:34:13.000Z",
      "fileName": "classes/SiteRegisterControllerTest.cls",
      "fullName": "SiteRegisterControllerTest",
      "id": "01pWU000004O2JMYA0",
      "lastModifiedById": "005WU000002hZvpYAE",
      "lastModifiedByName": "Lucky Mahlangu",
      "lastModifiedDate": "2024-08-18T17:34:13.000Z",
      "manageableState": "unmanaged",
      "type": "ApexClass"
    },
    {
      "createdById": "005WU000002hZvpYAE",
      "createdByName": "Lucky Mahlangu",
      "createdDate": "2024-08-18T17:39:02.000Z",
      "fileName": "classes/CommunitiesSelfRegConfirmController.cls",
      "fullName": "CommunitiesSelfRegConfirmController",
      "id": "01pWU000004O2UhYAK",
      "lastModifiedById": "005WU000002hZvpYAE",
      "lastModifiedByName": "Lucky Mahlangu",
      "lastModifiedDate": "2024-08-18T17:39:02.000Z",
      "manageableState": "unmanaged",
      "type": "ApexClass"
    },
    {
      "createdById": "005WU000002hZvpYAE",
      "createdByName": "Lucky Mahlangu",
      "createdDate": "2024-08-18T17:39:03.000Z",
      "fileName": "classes/LightningForgotPasswordControllerTest.cls",
      "fullName": "LightningForgotPasswordControllerTest",
      "id": "01pWU000004O2UpYAK",
      "lastModifiedById": "005WU000002hZvpYAE",
      "lastModifiedByName": "Lucky Mahlangu",
      "lastModifiedDate": "2024-08-18T17:39:03.000Z",
      "manageableState": "unmanaged",
      "type": "ApexClass"
    },
    {
      "createdById": "005WU000002hZvpYAE",
      "createdByName": "Lucky Mahlangu",
      "createdDate": "2024-08-18T17:39:02.000Z",
      "fileName": "classes/MicrobatchSelfRegController.cls",
      "fullName": "MicrobatchSelfRegController",
      "id": "01pWU000004O2UjYAK",
      "lastModifiedById": "005WU000002hZvpYAE",
      "lastModifiedByName": "Lucky Mahlangu",
      "lastModifiedDate": "2024-08-18T17:39:02.000Z",
      "manageableState": "unmanaged",
      "type": "ApexClass"
    },
    {
      "createdById": "005WU000002hZvpYAE",
      "createdByName": "Lucky Mahlangu",
      "createdDate": "2024-08-18T17:34:13.000Z",
      "fileName": "classes/SiteLoginController.cls",
      "fullName": "SiteLoginController",
      "id": "01pWU000004O2JJYA0",
      "lastModifiedById": "005WU000002hZvpYAE",
      "lastModifiedByName": "Lucky Mahlangu",
      "lastModifiedDate": "2024-08-18T17:34:13.000Z",
      "manageableState": "unmanaged",
      "type": "ApexClass"
    },
    {
      "createdById": "005WU000002hZvpYAE",
      "createdByName": "Lucky Mahlangu",
      "createdDate": "2024-08-18T17:39:03.000Z",
      "fileName": "classes/LightningLoginFormController.cls",
      "fullName": "LightningLoginFormController",
      "id": "01pWU000004O2UnYAK",
      "lastModifiedById": "005WU000002hZvpYAE",
      "lastModifiedByName": "Lucky Mahlangu",
      "lastModifiedDate": "2024-08-18T17:39:03.000Z",
      "manageableState": "unmanaged",
      "type": "ApexClass"
    },
    {
      "createdById": "005WU000002hZvpYAE",
      "createdByName": "Lucky Mahlangu",
      "createdDate": "2024-08-18T17:34:13.000Z",
      "fileName": "classes/MyProfilePageController.cls",
      "fullName": "MyProfilePageController",
      "id": "01pWU000004O2JRYA0",
      "lastModifiedById": "005WU000002hZvpYAE",
      "lastModifiedByName": "Lucky Mahlangu",
      "lastModifiedDate": "2024-08-18T17:34:13.000Z",
      "manageableState": "unmanaged",
      "type": "ApexClass"
    },
    {
      "createdById": "005WU000002hZvpYAE",
      "createdByName": "Lucky Mahlangu",
      "createdDate": "2024-08-18T17:39:01.000Z",
      "fileName": "classes/CommunitiesLoginController.cls",
      "fullName": "CommunitiesLoginController",
      "id": "01pWU000004O2UbYAK",
      "lastModifiedById": "005WU000002hZvpYAE",
      "lastModifiedByName": "Lucky Mahlangu",
      "lastModifiedDate": "2024-08-18T17:39:01.000Z",
      "manageableState": "unmanaged",
      "type": "ApexClass"
    },
    {
      "createdById": "005WU000002hZvpYAE",
      "createdByName": "Lucky Mahlangu",
      "createdDate": "2024-08-18T17:39:02.000Z",
      "fileName": "classes/MicrobatchSelfRegControllerTest.cls",
      "fullName": "MicrobatchSelfRegControllerTest",
      "id": "01pWU000004O2UkYAK",
      "lastModifiedById": "005WU000002hZvpYAE",
      "lastModifiedByName": "Lucky Mahlangu",
      "lastModifiedDate": "2024-08-18T17:39:02.000Z",
      "manageableState": "unmanaged",
      "type": "ApexClass"
    },
    {
      "createdById": "005WU000002hZvpYAE",
      "createdByName": "Lucky Mahlangu",
      "createdDate": "2024-08-21T11:46:46.000Z",
      "fileName": "classes/CalendarificWrapperRetriever.cls",
      "fullName": "CalendarificWrapperRetriever",
      "id": "01pWU000004QuXJYA0",
      "lastModifiedById": "005WU000002hZvpYAE",
      "lastModifiedByName": "Lucky Mahlangu",
      "lastModifiedDate": "2024-08-22T22:57:23.000Z",
      "manageableState": "unmanaged",
      "type": "ApexClass"
    },
    {
      "createdById": "005WU000002hZvpYAE",
      "createdByName": "Lucky Mahlangu",
      "createdDate": "2024-08-18T17:34:13.000Z",
      "fileName": "classes/MyProfilePageControllerTest.cls",
      "fullName": "MyProfilePageControllerTest",
      "id": "01pWU000004O2JSYA0",
      "lastModifiedById": "005WU000002hZvpYAE",
      "lastModifiedByName": "Lucky Mahlangu",
      "lastModifiedDate": "2024-08-18T17:34:13.000Z",
      "manageableState": "unmanaged",
      "type": "ApexClass"
    },
    {
      "createdById": "005WU000002hZvpYAE",
      "createdByName": "Lucky Mahlangu",
      "createdDate": "2024-08-18T17:39:01.000Z",
      "fileName": "classes/CommunitiesLandingController.cls",
      "fullName": "CommunitiesLandingController",
      "id": "01pWU000004O2UdYAK",
      "lastModifiedById": "005WU000002hZvpYAE",
      "lastModifiedByName": "Lucky Mahlangu",
      "lastModifiedDate": "2024-08-18T17:39:01.000Z",
      "manageableState": "unmanaged",
      "type": "ApexClass"
    },
    {
      "createdById": "005WU000002hZvpYAE",
      "createdByName": "Lucky Mahlangu",
      "createdDate": "2024-08-20T16:20:35.000Z",
      "fileName": "classes/HolidayServiceController.cls",
      "fullName": "HolidayServiceController",
      "id": "01pWU000004QFU9YAO",
      "lastModifiedById": "005WU000002hZvpYAE",
      "lastModifiedByName": "Lucky Mahlangu",
      "lastModifiedDate": "2024-08-22T12:46:18.000Z",
      "manageableState": "unmanaged",
      "type": "ApexClass"
    },
    {
      "createdById": "005WU000002hZvpYAE",
      "createdByName": "Lucky Mahlangu",
      "createdDate": "2024-08-18T17:39:03.000Z",
      "fileName": "classes/LightningLoginFormControllerTest.cls",
      "fullName": "LightningLoginFormControllerTest",
      "id": "01pWU000004O2UoYAK",
      "lastModifiedById": "005WU000002hZvpYAE",
      "lastModifiedByName": "Lucky Mahlangu",
      "lastModifiedDate": "2024-08-18T17:39:03.000Z",
      "manageableState": "unmanaged",
      "type": "ApexClass"
    },
    {
      "createdById": "005WU000002hZvpYAE",
      "createdByName": "Lucky Mahlangu",
      "createdDate": "2024-08-18T17:34:13.000Z",
      "fileName": "classes/ForgotPasswordController.cls",
      "fullName": "ForgotPasswordController",
      "id": "01pWU000004O2JPYA0",
      "lastModifiedById": "005WU000002hZvpYAE",
      "lastModifiedByName": "Lucky Mahlangu",
      "lastModifiedDate": "2024-08-18T17:34:13.000Z",
      "manageableState": "unmanaged",
      "type": "ApexClass"
    },
    {
      "createdById": "005WU000002hZvpYAE",
      "createdByName": "Lucky Mahlangu",
      "createdDate": "2024-08-18T17:39:02.000Z",
      "fileName": "classes/CommunitiesSelfRegControllerTest.cls",
      "fullName": "CommunitiesSelfRegControllerTest",
      "id": "01pWU000004O2UgYAK",
      "lastModifiedById": "005WU000002hZvpYAE",
      "lastModifiedByName": "Lucky Mahlangu",
      "lastModifiedDate": "2024-08-18T17:39:02.000Z",
      "manageableState": "unmanaged",
      "type": "ApexClass"
    },
    {
      "createdById": "005WU000002hZvpYAE",
      "createdByName": "Lucky Mahlangu",
      "createdDate": "2024-08-18T17:34:13.000Z",
      "fileName": "classes/ChangePasswordControllerTest.cls",
      "fullName": "ChangePasswordControllerTest",
      "id": "01pWU000004O2JOYA0",
      "lastModifiedById": "005WU000002hZvpYAE",
      "lastModifiedByName": "Lucky Mahlangu",
      "lastModifiedDate": "2024-08-18T17:34:13.000Z",
      "manageableState": "unmanaged",
      "type": "ApexClass"
    }
  ]
}