{
  "status": 0,
  "result": [
    {
      "createdById": "005WU000002hZvpYAE",
      "createdByName": "Lucky Mahlangu",
      "createdDate": "2024-08-22T13:53:56.000Z",
      "fileName": "triggers/IdNumberSearch.trigger",
      "fullName": "IdNumberSearch",
      "id": "01qWU000000IQbxYAG",
      "lastModifiedById": "005WU000002hZvpYAE",
      "lastModifiedByName": "Lucky Mahlangu",
      "lastModifiedDate": "2024-08-23T14:16:56.000Z",
      "manageableState": "unmanaged",
      "type": "ApexTrigger"
    }
  ]
}