{
  "status": 0,
  "result": [
    {
      "createdById": "005WU000002hZvpYAE",
      "createdByName": "Lucky Mahlangu",
      "createdDate": "2024-08-18T17:39:54.000Z",
      "fileName": "sites/HolidayService1.site",
      "fullName": "HolidayService1",
      "id": "0DMWU0000004rk54AA",
      "lastModifiedById": "005WU000002hZvpYAE",
      "lastModifiedByName": "Lucky Mahlangu",
      "lastModifiedDate": "2024-08-20T21:34:01.000Z",
      "type": "CustomSite"
    },
    {
      "createdById": "005WU000002hZvpYAE",
      "createdByName": "Lucky Mahlangu",
      "createdDate": "2024-08-18T17:37:26.000Z",
      "fileName": "sites/HolidayService.site",
      "fullName": "HolidayService",
      "id": "0DMWU0000004riT4AQ",
      "lastModifiedById": "005WU000002hZvpYAE",
      "lastModifiedByName": "Lucky Mahlangu",
      "lastModifiedDate": "2024-08-21T22:12:35.000Z",
      "type": "CustomSite"
    },
    {
      "createdById": "005WU000002hZvpYAE",
      "createdByName": "Lucky Mahlangu",
      "createdDate": "2024-08-21T22:14:44.000Z",
      "fileName": "sites/HolidayServiceV2.site",
      "fullName": "HolidayServiceV2",
      "id": "0DMWU0000004wNB4AY",
      "lastModifiedById": "005WU000002hZvpYAE",
      "lastModifiedByName": "Lucky Mahlangu",
      "lastModifiedDate": "2024-08-22T16:10:12.000Z",
      "type": "CustomSite"
    }
  ]
}