{
  "status": 0,
  "result": [
    {
      "createdById": "005WU000002hZvpYAE",
      "createdByName": "Lucky Mahlangu",
      "createdDate": "2024-08-21T22:14:48.000Z",
      "fileName": "digitalExperiences/site/HolidayServiceV21.digitalExperience",
      "fullName": "site/HolidayServiceV21",
      "id": "0jdWU0000000d9RYAQ",
      "lastModifiedById": "005WU000002hZvpYAE",
      "lastModifiedByName": "Lucky Mahlangu",
      "lastModifiedDate": "2024-08-21T22:14:48.000Z",
      "manageableState": "unmanaged",
      "type": "DigitalExperienceBundle"
    },
    {
      "createdById": "005WU000002hZvpYAE",
      "createdByName": "Lucky Mahlangu",
      "createdDate": "2024-08-18T17:39:57.000Z",
      "fileName": "digitalExperiences/site/HolidayService2.digitalExperience",
      "fullName": "site/HolidayService2",
      "id": "0jdWU0000000c3hYAA",
      "lastModifiedById": "005WU000002hZvpYAE",
      "lastModifiedByName": "Lucky Mahlangu",
      "lastModifiedDate": "2024-08-18T17:39:57.000Z",
      "manageableState": "unmanaged",
      "type": "DigitalExperienceBundle"
    }
  ]
}