{
  "status": 0,
  "result": [
    {
      "createdById": "005WU000002hZvpYAE",
      "createdByName": "Lucky Mahlangu",
      "createdDate": "2024-08-18T17:39:56.000Z",
      "fileName": "digitalExperienceConfigs/HolidayService2.digitalExperienceConfig",
      "fullName": "HolidayService2",
      "id": "0DMWU0000004rk64AA",
      "lastModifiedById": "005WU000002hZvpYAE",
      "lastModifiedByName": "Lucky Mahlangu",
      "lastModifiedDate": "2024-08-20T00:34:05.000Z",
      "type": "DigitalExperienceConfig"
    },
    {
      "createdById": "005WU000002hZvpYAE",
      "createdByName": "Lucky Mahlangu",
      "createdDate": "2024-08-21T22:14:47.000Z",
      "fileName": "digitalExperienceConfigs/HolidayServiceV21.digitalExperienceConfig",
      "fullName": "HolidayServiceV21",
      "id": "0DMWU0000004wNC4AY",
      "lastModifiedById": "005WU000002hZvpYAE",
      "lastModifiedByName": "Lucky Mahlangu",
      "lastModifiedDate": "2024-08-22T16:10:12.000Z",
      "type": "DigitalExperienceConfig"
    }
  ]
}