{
  "status": 0,
  "result": [
    {
      "createdById": "005WU000002hZvpYAE",
      "createdByName": "Lucky Mahlangu",
      "createdDate": "2024-08-18T23:51:01.000Z",
      "fileName": "lwc/idSearch",
      "fullName": "idSearch",
      "id": "0RbWU000000OvGT0A0",
      "lastModifiedById": "005WU000002hZvpYAE",
      "lastModifiedByName": "Lucky Mahlangu",
      "lastModifiedDate": "2024-08-21T21:46:18.000Z",
      "manageableState": "unmanaged",
      "type": "LightningComponentBundle"
    },
    {
      "createdById": "005WU000002hZvpYAE",
      "createdByName": "Lucky Mahlangu",
      "createdDate": "2024-08-21T22:08:36.000Z",
      "fileName": "lwc/holidaySearch",
      "fullName": "holidaySearch",
      "id": "0RbWU000000PN4f0AG",
      "lastModifiedById": "005WU000002hZvpYAE",
      "lastModifiedByName": "Lucky Mahlangu",
      "lastModifiedDate": "2024-08-23T14:26:20.000Z",
      "manageableState": "unmanaged",
      "type": "LightningComponentBundle"
    }
  ]
}