{
  "status": 0,
  "result": [
    {
      "createdById": "005WU000002hZvpYAE",
      "createdByName": "Lucky Mahlangu",
      "createdDate": "2024-08-22T18:11:43.000Z",
      "fileName": "permissionsets/Guest_user_IDNumberSearch.permissionset",
      "fullName": "Guest_user_IDNumberSearch",
      "id": "0PSWU0000059Ke94AE",
      "lastModifiedById": "005WU000002hZvpYAE",
      "lastModifiedByName": "Lucky Mahlangu",
      "lastModifiedDate": "2024-08-22T18:12:17.000Z",
      "manageableState": "unmanaged",
      "type": "PermissionSet"
    },
    {
      "createdById": "005WU000002hZxSYAU",
      "createdByName": "Automated Process",
      "createdDate": "2024-04-17T09:01:11.000Z",
      "fileName": "permissionsets/sfdcInternalInt__sfdc_scrt2.permissionset",
      "fullName": "sfdcInternalInt__sfdc_scrt2",
      "id": "0PSWU00000318WZ4AY",
      "lastModifiedById": "005WU000002hZxSYAU",
      "lastModifiedByName": "Automated Process",
      "lastModifiedDate": "2024-04-17T09:01:12.000Z",
      "manageableState": "unmanaged",
      "namespacePrefix": "sfdcInternalInt",
      "type": "PermissionSet"
    },
    {
      "createdById": "005WU000002hZvpYAE",
      "createdByName": "Lucky Mahlangu",
      "createdDate": "2024-08-18T21:38:36.000Z",
      "fileName": "permissionsets/SearchId.permissionset",
      "fullName": "SearchId",
      "id": "0PSWU00000555fJ4AQ",
      "lastModifiedById": "005WU000002hZvpYAE",
      "lastModifiedByName": "Lucky Mahlangu",
      "lastModifiedDate": "2024-08-18T21:38:36.000Z",
      "manageableState": "unmanaged",
      "type": "PermissionSet"
    }
  ]
}