{
  "status": 0,
  "result": [
    {
      "createdById": "005WU000002hZvpYAE",
      "createdByName": "Lucky Mahlangu",
      "createdDate": "2024-08-20T22:20:54.000Z",
      "fileName": "remoteSiteSettings/Calendarific.remoteSite",
      "fullName": "Calendarific",
      "id": "0rpWU0000018vN7YAI",
      "lastModifiedById": "005WU000002hZvpYAE",
      "lastModifiedByName": "Lucky Mahlangu",
      "lastModifiedDate": "2024-08-20T22:20:54.000Z",
      "manageableState": "unmanaged",
      "type": "RemoteSiteSetting"
    },
    {
      "createdById": "005WU000002hZvpYAE",
      "createdByName": "Lucky Mahlangu",
      "createdDate": "2024-08-20T22:16:54.000Z",
      "fileName": "remoteSiteSettings/herokuapp.remoteSite",
      "fullName": "herokuapp",
      "id": "0rpWU0000018vJtYAI",
      "lastModifiedById": "005WU000002hZvpYAE",
      "lastModifiedByName": "Lucky Mahlangu",
      "lastModifiedDate": "2024-08-20T22:16:54.000Z",
      "manageableState": "unmanaged",
      "type": "RemoteSiteSetting"
    },
    {
      "createdById": "005WU000002hZvpYAE",
      "createdByName": "Lucky Mahlangu",
      "createdDate": "2024-04-17T08:55:31.000Z",
      "fileName": "remoteSiteSettings/ApexDevNet.remoteSite",
      "fullName": "ApexDevNet",
      "id": "0rpWU000000dSMDYA2",
      "lastModifiedById": "005WU000002hZvpYAE",
      "lastModifiedByName": "Lucky Mahlangu",
      "lastModifiedDate": "2024-04-17T08:55:31.000Z",
      "manageableState": "unmanaged",
      "type": "RemoteSiteSetting"
    }
  ]
}