{
  "status": 0,
  "result": [
    {
      "createdById": "005WU000002hZvpYAE",
      "createdByName": "Lucky Mahlangu",
      "createdDate": "2024-04-17T08:55:31.000Z",
      "fileName": "staticresources/trlhdtips__tt_penpal.resource",
      "fullName": "trlhdtips__tt_penpal",
      "id": "081WU000001w55BYAQ",
      "lastModifiedById": "005WU000002hZvpYAE",
      "lastModifiedByName": "Lucky Mahlangu",
      "lastModifiedDate": "2024-04-17T08:55:31.000Z",
      "manageableState": "installed",
      "namespacePrefix": "trlhdtips",
      "type": "StaticResource"
    },
    {
      "createdById": "005WU000002hZvpYAE",
      "createdByName": "Lucky Mahlangu",
      "createdDate": "2024-08-18T17:34:13.000Z",
      "fileName": "staticresources/SiteSamples.resource",
      "fullName": "SiteSamples",
      "id": "081WU000003EzujYAC",
      "lastModifiedById": "005WU000002hZvpYAE",
      "lastModifiedByName": "Lucky Mahlangu",
      "lastModifiedDate": "2024-08-23T09:17:07.000Z",
      "manageableState": "unmanaged",
      "type": "StaticResource"
    },
    {
      "createdById": "005WU000002hZvpYAE",
      "createdByName": "Lucky Mahlangu",
      "createdDate": "2024-08-23T09:18:04.000Z",
      "fileName": "staticresources/SouthAfricanTable.resource",
      "fullName": "SouthAfricanTable",
      "id": "081WU000003IFoTYAW",
      "lastModifiedById": "005WU000002hZvpYAE",
      "lastModifiedByName": "Lucky Mahlangu",
      "lastModifiedDate": "2024-08-23T09:18:04.000Z",
      "manageableState": "unmanaged",
      "type": "StaticResource"
    }
  ]
}