<?xml version="1.0" encoding="UTF-8"?>
<CustomField xmlns="http://soap.sforce.com/2006/04/metadata">
    <fullName>Date_Of_Birth__c</fullName>
    <externalId>false</externalId>
    <formula>RIGHT(LEFT(ID_Number__c, 4), 2)+&apos;/&apos;+RIGHT(LEFT(ID_Number__c, 6), 2)+&apos;/&apos;+
IF(VALUE(LEFT( ID_Number__c , 2)) &lt;= 99, &apos;19&apos; + LEFT( ID_Number__c , 2) , &apos;20&apos; + LEFT( ID_Number__c , 2))</formula>
    <formulaTreatBlanksAs>BlankAsZero</formulaTreatBlanksAs>
    <label>Date Of Birth</label>
    <required>false</required>
    <trackTrending>false</trackTrending>
    <type>Text</type>
    <unique>false</unique>
</CustomField>
