<?xml version="1.0" encoding="UTF-8"?>
<CustomField xmlns="http://soap.sforce.com/2006/04/metadata">
    <fullName>Gender__c</fullName>
    <externalId>false</externalId>
    <formula>IF(VALUE(RIGHT(LEFT( ID_Number__c ,10), 4)) &lt; 5000, &apos;FEMALE&apos;,&apos;MALE&apos; )</formula>
    <formulaTreatBlanksAs>BlankAsZero</formulaTreatBlanksAs>
    <label>Gender</label>
    <required>false</required>
    <trackTrending>false</trackTrending>
    <type>Text</type>
    <unique>false</unique>
</CustomField>
