{
  "type" : "sfdc_cms__view",
  "title" : "Register",
  "contentBody" : {
    "component" : {
      "children" : [ {
        "children" : [ {
          "attributes" : {
            "backgroundImageConfig" : "",
            "backgroundImageOverlay" : "rgba(0,0,0,0)",
            "componentSpacerSize" : "",
            "layoutDirectionDesktop" : "row",
            "layoutDirectionMobile" : "column",
            "layoutDirectionTablet" : "column",
            "maxContentWidth" : "",
            "sectionColumnGutterWidth" : "",
            "sectionConfig" : "{\"UUID\":\"b6284f2b-c7a3-4d2e-899c-d090a83a3e58\",\"columns\":[{\"UUID\":\"d5997808-96cf-4f6a-b7ca-213d345579dc\",\"columnName\":\"Column 1\",\"columnKey\":\"col1\",\"columnWidth\":\"12\",\"seedComponents\":null}]}",
            "sectionMinHeight" : "",
            "sectionVerticalAlign" : "flex-start"
          },
          "children" : [ {
            "children" : [ {
              "attributes" : {
                "alignment" : "left",
                "imageInfo" : "",
                "imageInfoMobile" : "",
                "logoWidth" : 250
              },
              "definition" : "dxp_content_layout:siteLogo",
              "id" : "bd3c8b5f-63db-4a63-8925-328f9fe34a73",
              "type" : "component"
            }, {
              "attributes" : {
                "cancelLinkLabel" : "Already have an account?",
                "confirmPasswordLabel" : "Confirm Password",
                "emailLabel" : "Email",
                "firstnameLabel" : "First Name",
                "includePasswordField" : true,
                "lastnameLabel" : "Last Name",
                "passwordLabel" : "Create Password",
                "regConfirmUrl" : "./CheckPasswordResetEmail",
                "submitButtonLabel" : "Sign Up"
              },
              "definition" : "community_login:selfRegister",
              "id" : "77779dab-6c59-464d-a3b1-c197e846f966",
              "type" : "component"
            } ],
            "id" : "d5997808-96cf-4f6a-b7ca-213d345579dc",
            "name" : "col1",
            "title" : "Column 1",
            "type" : "region"
          } ],
          "definition" : "community_layout:section",
          "id" : "b6284f2b-c7a3-4d2e-899c-d090a83a3e58",
          "type" : "component"
        } ],
        "id" : "a75681db-772f-4d14-ac4d-dc945f8f0fa9",
        "name" : "content",
        "title" : "Content",
        "type" : "region"
      }, {
        "children" : [ {
          "attributes" : {
            "customHeadTags" : "",
            "description" : "",
            "pageTitle" : "Register",
            "recordId" : "{!recordId}"
          },
          "definition" : "community_builder:seoAssistant",
          "id" : "4098efe0-c766-4865-bc21-8d1fe9460fa4",
          "type" : "component"
        } ],
        "id" : "9ddf361a-d657-4999-b727-8227ca4f353f",
        "name" : "sfdcHiddenRegion",
        "title" : "sfdcHiddenRegion",
        "type" : "region"
      } ],
      "definition" : "community_layout:sldsFlexibleLayout",
      "id" : "7fe907f7-f687-4cbd-a10b-171f855d6da7",
      "type" : "component"
    },
    "dataProviders" : [ ],
    "themeLayoutType" : "Inner",
    "viewType" : "self-register"
  }
}